Destination,description
Paris,Explore the City of Light with iconic landmarks like the Eiffel Tower and Louvre Museum.
Bali,Enjoy the tranquil beaches, lush rice terraces, and cultural heritage.
Tokyo,Experience a mix of modern technology and ancient traditions in this vibrant metropolis.
Rome,Dive into history with visits to the Colosseum, Vatican City, and exquisite Italian cuisine.
New York,Explore the fast-paced city life, visit Times Square, and enjoy a Broadway show.
Sydney,Visit the famous Sydney Opera House and enjoy the beautiful Bondi Beach.
Santorini,Relax on the island's stunning whitewashed buildings and scenic sunsets.
Dubai,Enjoy luxury shopping, ultramodern architecture, and desert safaris.
Cape Town,Explore the beautiful landscapes, including Table Mountain and coastal views.
Rio de Janeiro,Visit the famous Christ the Redeemer statue and relax on Copacabana Beach.
London,Explore the British capital with landmarks like Big Ben, the Tower of London, and the London Eye.
Honolulu,Relax on the beaches of Waikiki, enjoy volcanic landscapes, and try surfing.
Active Vacation,Active Vacation
